Date,Name,Year,Letterboxd URI,Rating
,Kick-Ass,2010,https://boxd.it/1zaQ,
,The Blues Brothers,1980,https://boxd.it/2adi,
,War Dogs,2016,https://boxd.it/9SlO,
,L.A. Confidential,1997,https://boxd.it/27oC,
,Lost at Sea: The Search for Longitude,1998,https://boxd.it/eb5I,
,Micro Men,2009,https://boxd.it/DCi,
,Blade Runner,1982,https://boxd.it/2bcA,
,The Hunt for Red October,1990,https://boxd.it/
,Shutter Island,2010,https://boxd.it/1U82,
,American Made,2017,https://boxd.it/bb66,
,School of Rock,2003,https://boxd.it/28xK,
,Black Mirror: Common People,2025,https://boxd.it/U1Vy,
,Black Mirror: Hang the DJ,2017,https://boxd.it/hQYA,
,Black Mirror: White Christmas,2014,https://boxd.it/B3qu,
,Black Mirror: Fifteen Million Merits,2011,https://boxd.it/hQYU,
,Fight Club,1999,https://boxd.it/2a9q,
,Bad Ass,2012,https://boxd.it/3hPA,
,RoboCop,1987,https://boxd.it/22Wu,
,Léon: The Professional,1994,https://boxd.it/2b8S,
,Nineteen Eighty-Four,1984,https://boxd.it/1YZE,
,Once Upon a Time... in Hollywood,2019,https://boxd.it/gH0O,
,Baby Driver,2017,https://boxd.it/bhF2,
,American Manhunt: Osama bin Laden,2025,https://boxd.it/V9Fq,
,Zero Day,2025,https://boxd.it/T9Ga,
,House,1977,https://boxd.it/1vsm,
,Election,1999,https://boxd.it/1YEc,
,Uncharted,2022,https://boxd.it/b5Dy,
,"Relax, I'm from the Future",2022,https://boxd.it/ByDu,
,Wicked,2024,https://boxd.it/e8ME,
,Ferris Bueller's Day Off,1986,https://boxd.it/1YPY,
,Reservoir Dogs,1992,https://boxd.it/2agc,
,Two Body Problem,2025,https://boxd.it/UbJi,
,The Black Phone,2021,https://boxd.it/sqFE,
,The Electrical Life of Louis Wain,2021,https://boxd.it/mRa2,
,Severance,2022,https://boxd.it/JJym,
,Chernobyl,2019,https://boxd.it/mkbG,
,The Rookie,2002,https://boxd.it/1NGG,
,The Recruit,2023,https://boxd.it/UU16,
,Black Mirror,2011,https://boxd.it/g9rm,
,Se7en,1995,https://boxd.it/29zs,
,The Right Stuff,1983,https://boxd.it/1YoS,
,Last Vegas,2013,https://boxd.it/4pFA,
,Dear Santa,2024,https://boxd.it/FxMo,
,Durango Wild Lands - The Beginning,2024,https://boxd.it/RjUC,
,Squid Game,2021,https://boxd.it/x1OG,
,Patton,1970,https://boxd.it/1UnQ,
,Phone Booth,2002,https://boxd.it/285G,
,Titanic,1997,https://boxd.it/2a2k,
,Orange County,2002,https://boxd.it/1SVc,
,Nacho Libre,2006,https://boxd.it/1YTG,
,Captain America: The First Avenger,2011,https://boxd.it/28b0,
,Lemony Snicket's A Series of Unfortunate Events,2004,https://boxd.it/1T7s,
,The Dictator,2012,https://boxd.it/2DEW,
,Ready Player One,2018,https://boxd.it/aZes,
,A Minecraft Movie,2025,https://boxd.it/zRro,
,Lucifer,2019,https://boxd.it/kHxw,
,Transformers,2007,https://boxd.it/280c,
,Instant Family,2018,https://boxd.it/hHpQ,
,The Dark Knight,2008,https://boxd.it/2b0k,
,Novocaine,2025,https://boxd.it/JmdA,
,Tenet,2020,https://boxd.it/leq4,
,Green Lantern,2011,https://boxd.it/QN4,
,District 9,2009,https://boxd.it/1Iik,
,Ghostbusters,1984,https://boxd.it/g2w,
,Men in Black,1997,https://boxd.it/2a0I,
,Popstar: Never Stop Never Stopping,2016,https://boxd.it/blDa,
,The Wolf of Wall Street,2013,https://boxd.it/3C1m,
,Loki,2021,https://boxd.it/sbHg,
,Prison Break,1938,https://boxd.it/78c8,
,Downfall,2004,https://boxd.it/2a04,
,Sully,2016,https://boxd.it/cD8Q,
,Catch Me If You Can,2002,https://boxd.it/29VS,
,Spenser Confidential,2020,https://boxd.it/log4,
,Anon,2018,https://boxd.it/dTCE,
,The Laundromat,2019,https://boxd.it/iLUK,
,Hard Eight,1996,https://boxd.it/20DU,
,Rat Race,2001,https://boxd.it/1XAo,
,Resident Alien,1990,https://boxd.it/5BFk,
,An American Carol,2008,https://boxd.it/1P40,
,The Devil Wears Prada,2006,https://boxd.it/2awE,
,The Slammin' Salmon,2009,https://boxd.it/1dUi,
,The Italian Job,2003,https://boxd.it/1Y86,
,The Ministry of Ungentlemanly Warfare,2024,https://boxd.it/u5zu,
,Legally Blonde,2001,https://boxd.it/1ZNa,
,Life,2017,https://boxd.it/dRqG,
,Just Friends,2005,https://boxd.it/1XfA,
,The Terminal,2004,https://boxd.it/2a2O,
,Pain Hustlers,2023,https://boxd.it/wBNW,
,The Suicide Squad,2021,https://boxd.it/fw6O,
,Spider-Man: Homecoming,2017,https://boxd.it/aboM,
,A Man Called Otto,2022,https://boxd.it/zl06,
,Hacksaw Ridge,2016,https://boxd.it/azew,
,Suicide Squad,2016,https://boxd.it/9row,
,Avengers: Infinity War,2018,https://boxd.it/9vEe,
,Hit Man,2023,https://boxd.it/ANB2,
,Beverly Hills Cop: Axel F,2024,https://boxd.it/8Bvq,
,Pulp Fiction,1994,https://boxd.it/29Pq,
,Chef,2014,https://boxd.it/6lCG,
,Buried,2010,https://boxd.it/1tXC,
,Pawn Sacrifice,2014,https://boxd.it/7dlE,
,Due Date,2010,https://boxd.it/YFs,
,The Martian,2015,https://boxd.it/8SeG,
,The Hangover,2009,https://boxd.it/1GjK,
,The Boss Baby,2017,https://boxd.it/9mfO,
,Seven Psychopaths,2012,https://boxd.it/34PW,
,Captain Underpants: The First Epic Movie,2017,https://boxd.it/8312,
,Despicable Me 2,2013,https://boxd.it/3gg0,
,Minions: The Rise of Gru,2022,https://boxd.it/fz9w,
,The Proposal,2009,https://boxd.it/1HiS,
,The Bad Guys,2022,https://boxd.it/nkg4,
,The Lion King,2019,https://boxd.it/eSjI,
,Absolutely Anything,2015,https://boxd.it/34Ry,
,Horrible Bosses,2011,https://boxd.it/Ba2,
,Despicable Me 4,2024,https://boxd.it/iOLG,
,Despicable Me 3,2017,https://boxd.it/azpu,
,White Man,1994,https://boxd.it/n53E,
,In Enemy Hands,2004,https://boxd.it/1z2M,
,Timeline,2003,https://boxd.it/1YmM,
,Shooter,2007,https://boxd.it/20TS,
,Mr. & Mrs. Smith,2005,https://boxd.it/29CG,
,IF,2024,https://boxd.it/nJwG,
,Memento,2000,https://boxd.it/2bcK,
,Barbie,2023,https://boxd.it/bCLK,
,Epic Movie,2007,https://boxd.it/1XSs,
,American Manhunt: O.J. Simpson,2025,https://boxd.it/SNlY,
,Inside Out 2,2024,https://boxd.it/CFrC,
,Inside Out,2015,https://boxd.it/4KHC,
,Cobra Kai - The Afterparty,2021,https://boxd.it/wLgS,
,Green Zone,2010,https://boxd.it/1zNS,
,Jason Bourne,2016,https://boxd.it/ayYy,
,Superbad,2007,https://boxd.it/20hO,
,Vanilla Sky,2001,https://boxd.it/27TK,
,Mean Girls,2024,https://boxd.it/p6nO,
,John Wick: Chapter 3 – Parabellum,2019,https://boxd.it/gmFw,
,John Wick,2014,https://boxd.it/7dEc,
,John Wick: Chapter 4,2023,https://boxd.it/mh48,
,Good Will Hunting,1997,https://boxd.it/2ahY,
,The Men Who Stare at Goats,2009,https://boxd.it/1Wza,
,The Last Castle,2001,https://boxd.it/27rm,
,Rain Man,1988,https://boxd.it/2avw,
,Five Nights at Freddy's,2023,https://boxd.it/ikHu,
,Forrest Gump,1994,https://boxd.it/728,
,Movie 43,2013,https://boxd.it/37qK,
,Operation Grandma,1999,https://boxd.it/1Dbo,
,Mean Girls,2004,https://boxd.it/1VNg,
,Limitless,2015,https://boxd.it/hoUA,
,Deadpool & Wolverine,2024,https://boxd.it/jq8s,
,Limitless,2011,https://boxd.it/Aly,
,Match Point,2005,https://boxd.it/2b6s,
,Peaky Blinders: The Immortal Man,2026,https://boxd.it/x3yq,
,Wolfs,2024,https://boxd.it/x6zG,
,Source Code,2011,https://boxd.it/fdo,
,ted,2024,https://boxd.it/KN1y,
,Oppenheimer,2023,https://boxd.it/wUow,
,Phineas and Ferb The Movie: Across the 2nd Dimension,2011,https://boxd.it/2ql8,
,Jackass Presents: Bad Grandpa,2013,https://boxd.it/6e3u,
,Space Force,1978,https://boxd.it/qpPk,
,Ted,2012,https://boxd.it/2pgc,
,Heat,1995,https://boxd.it/2bg8,
,The Truman Show,1998,https://boxd.it/18U8,
,Infinite,2021,https://boxd.it/lnRe,
,Magellan,2017,https://boxd.it/eif6,
,American Psycho,2000,https://boxd.it/28Vs,
,Red One,2024,https://boxd.it/vTBM,
,Focus,2015,https://boxd.it/7zl2,
,Fury,2014,https://boxd.it/6JwC,
,Wednesday,2023,https://boxd.it/Ahi8,
,The Queen's Gambit,2020,https://boxd.it/s1Ym,
,The Aviator,2004,https://boxd.it/26BU,
,The Untouchables,1987,https://boxd.it/2b6i,
,A Few Good Men,1992,https://boxd.it/29nw,
,Inception,2010,https://boxd.it/1skk,
,Rounders,1998,https://boxd.it/1WMS,
,Beetlejuice Beetlejuice,2024,https://boxd.it/yyGs,
,Casino Royale,2006,https://boxd.it/1alk,
,Ocean's Thirteen,2007,https://boxd.it/2aEy,
,Spider-Man: Far From Home,2019,https://boxd.it/fegG,
,Spider-Man: No Way Home,2021,https://boxd.it/nwRw,
,WarGames,1983,https://boxd.it/29qU,
,The Imitation Game,2014,https://boxd.it/6aig,
,Top Gun,1986,https://boxd.it/29JC,
,Nobody,2021,https://boxd.it/mLqS,
,Dune: Part Two,2024,https://boxd.it/pUfA,
,Iron Man 2,2010,https://boxd.it/1WZM,
,Iron Man,2008,https://boxd.it/28dA,
,Apollo 13,1995,https://boxd.it/2a6G,
,Meet the Fockers,2004,https://boxd.it/29NE,
,Meet the Parents,2000,https://boxd.it/28vE,
,Jack Reacher,2012,https://boxd.it/2BUo,
,Trollhunters: Rise of the Titans,2021,https://boxd.it/rplG,
,Wizards: Tales of Arcadia,2020,https://boxd.it/rEIg,
,Passengers,2016,https://boxd.it/8lFu,
,The Magnificent Seven,2016,https://boxd.it/aZAy,
,Guardians of the Galaxy Vol. 3,2023,https://boxd.it/fVNI,
,Doctor Strange in the Multiverse of Madness,2022,https://boxd.it/gaTc,
,Predestination,2014,https://boxd.it/6bJM,
,The Adjustment Bureau,2011,https://boxd.it/16T8,
,Murder Mystery 2,2023,https://boxd.it/nHOo,
,Murder Mystery,2019,https://boxd.it/iEBm,
,Glass Onion,2022,https://boxd.it/oCkK,
,Knives Out,2019,https://boxd.it/jWEA,
,The Delta Force,1986,https://boxd.it/1KNk,
,Lawrence of Arabia,1962,https://boxd.it/2wRE,
,10 Cloverfield Lane,2016,https://boxd.it/aZiu,
,Ocean's Eleven,2001,https://boxd.it/2aZm,
,Home Alone 2: Lost in New York,1992,https://boxd.it/29F6,
,Home Alone,1990,https://boxd.it/29Fg,
,Harry Potter and the Goblet of Fire,2005,https://boxd.it/29Qo,
,Harry Potter and the Prisoner of Azkaban,2004,https://boxd.it/29Qy,
,Harry Potter and the Chamber of Secrets,2002,https://boxd.it/29QI,
,Harry Potter and the Philosopher's Stone,2001,https://boxd.it/29QS,
,Harry Potter and the Deathly Hallows: Part 2,2011,https://boxd.it/1RYk,
,Harry Potter and the Deathly Hallows: Part 1,2010,https://boxd.it/1RYu,
,Harry Potter and the Half-Blood Prince,2009,https://boxd.it/29FU,
,Harry Potter and the Order of the Phoenix,2007,https://boxd.it/29Qe,
,John Wick: Chapter 2,2017,https://boxd.it/ayGu,
,Bullet Train,2022,https://boxd.it/qW26,
,Scarface,1983,https://boxd.it/2b7g,
,Free Guy,2021,https://boxd.it/k8dm,
,The Adam Project,2022,https://boxd.it/q2Dg,
,Ender's Game,2013,https://boxd.it/2N9Y,
,Despicable Me,2010,https://boxd.it/1DD8,
,Red Notice,2021,https://boxd.it/ixtq,
,Avengers: Age of Ultron,2015,https://boxd.it/3qi6,
,Doctor Strange,2016,https://boxd.it/8MH8,
,Spider-Man: Across the Spider-Verse,2023,https://boxd.it/kSz4,
,Goodbye Brooklyn Nine-Nine,2022,https://boxd.it/C4tQ,
,Casino,1995,https://boxd.it/2ads,
,The Irishman,2019,https://boxd.it/dYOq,
,Avengers: Endgame,2019,https://boxd.it/9vE4,
,Anyone But You,2023,https://boxd.it/EzA8,
,Easy A,2010,https://boxd.it/17DK,
,The Bourne Ultimatum,2007,https://boxd.it/26Eu,
,The Bourne Supremacy,2004,https://boxd.it/26EE,
,The Bourne Identity,2002,https://boxd.it/26EO,
,Dune,2021,https://boxd.it/fA7G,
,Mission: Impossible – Dead Reckoning,2023,https://boxd.it/l7zS,
,Ted 2,2015,https://boxd.it/6oCY,
,The Hateful Eight,2015,https://boxd.it/8gw8,
,Inglourious Basterds,2009,https://boxd.it/1JzG,
,Better Call Saul Presents: Slippin' Jimmy,2022,https://boxd.it/CjIQ,
,The Godfather Part II,1974,https://boxd.it/2aNq,
,The Departed,2006,https://boxd.it/28MA,
,A Beautiful Mind,2001,https://boxd.it/2amk,
,Django Unchained,2012,https://boxd.it/2cCk,
,GoodFellas,1990,https://boxd.it/29FA,
,The Godfather,1972,https://boxd.it/2aNK,
,El Camino: A Breaking Bad Movie,2019,https://boxd.it/kv0q,
,Stranger Things,2010,https://boxd.it/5xMG,
,Fallout,2023,https://boxd.it/J2f2,
,The Boys,1998,https://boxd.it/1Pl6,
,Interstellar,2014,https://boxd.it/4VZ8,
,Suits,1999,https://boxd.it/4ZD6,
